"Date","Region","Hospitalised","In ICU","Home Isolation","Healed","Dead","Tests"
2020-02-24,"Abruzzo",0,0,0,0,0,5
2020-02-24,"Basilicata",0,0,0,0,0,0
2020-02-24,"Bolzano",0,0,0,0,0,1
2020-02-24,"Calabria",0,0,0,0,0,1
2020-02-24,"Campania",0,0,0,0,0,10
2020-02-24,"Emilia Romagna",10,2,6,0,0,148
2020-02-24,"Friuli V.G.",0,0,0,0,0,58
2020-02-24,"Lazio",1,1,0,1,0,124
2020-02-24,"Liguria",0,0,0,0,0,1
2020-02-24,"Lombardia",76,19,71,0,6,1463
2020-02-24,"Marche",0,0,0,0,0,16
2020-02-24,"Molise",0,0,0,0,0,0
2020-02-24,"Piemonte",2,0,1,0,0,141
2020-02-24,"Puglia",0,0,0,0,0,0
2020-02-24,"Sardegna",0,0,0,0,0,1
2020-02-24,"Sicilia",0,0,0,0,0,5
2020-02-24,"Toscana",0,0,0,0,0,140
2020-02-24,"Trento",0,0,0,0,0,3
2020-02-24,"Umbria",0,0,0,0,0,0
2020-02-24,"Valle d'Aosta",0,0,0,0,0,7
2020-02-24,"Veneto",12,4,16,0,1,2200
2020-02-25,"Abruzzo",0,0,0,0,0,5
2020-02-25,"Basilicata",0,0,0,0,0,0
2020-02-25,"Bolzano",1,0,0,0,0,1
2020-02-25,"Calabria",0,0,0,0,0,2
2020-02-25,"Campania",0,0,0,0,0,10
2020-02-25,"Emilia Romagna",15,2,9,0,0,391
2020-02-25,"Friuli V.G.",0,0,0,0,0,89
2020-02-25,"Lazio",1,1,0,1,0,124
2020-02-25,"Liguria",1,0,0,0,0,39
2020-02-25,"Lombardia",79,25,127,0,9,3700
2020-02-25,"Marche",0,0,0,0,0,21
2020-02-25,"Molise",0,0,0,0,0,0
2020-02-25,"Piemonte",2,0,1,0,0,141
2020-02-25,"Puglia",0,0,0,0,0,0
2020-02-25,"Sardegna",0,0,0,0,0,1
2020-02-25,"Sicilia",1,0,2,0,0,5
2020-02-25,"Toscana",2,0,0,0,0,296
2020-02-25,"Trento",0,0,0,0,0,3
2020-02-25,"Umbria",0,0,0,0,0,8
2020-02-25,"Valle d'Aosta",0,0,0,0,0,7
2020-02-25,"Veneto",12,7,23,0,1,3780
2020-02-26,"Abruzzo",0,0,0,0,0,13
2020-02-26,"Basilicata",0,0,0,0,0,0
2020-02-26,"Bolzano",1,0,0,0,0,1
2020-02-26,"Calabria",0,0,0,0,0,3
2020-02-26,"Campania",0,0,0,0,0,10
2020-02-26,"Emilia Romagna",20,3,23,0,1,577
2020-02-26,"Friuli V.G.",0,0,0,0,0,114
2020-02-26,"Lazio",0,0,0,3,0,124
2020-02-26,"Liguria",6,0,5,0,0,66
2020-02-26,"Lombardia",79,25,145,0,9,3208
2020-02-26,"Marche",1,0,0,0,0,28
2020-02-26,"Molise",0,0,0,0,0,0
2020-02-26,"Piemonte",2,0,1,0,0,156
2020-02-26,"Puglia",0,0,0,0,0,0
2020-02-26,"Sardegna",0,0,0,0,0,1
2020-02-26,"Sicilia",1,0,2,0,0,5
2020-02-26,"Toscana",2,0,0,0,0,363
2020-02-26,"Trento",0,0,0,0,0,3
2020-02-26,"Umbria",0,0,0,0,0,8
2020-02-26,"Valle d'Aosta",0,0,0,0,0,7
2020-02-26,"Veneto",16,8,45,0,2,4900
2020-02-27,"Abruzzo",1,0,0,0,0,33
2020-02-27,"Basilicata",0,0,0,0,0,0
2020-02-27,"Bolzano",1,0,0,0,0,2
2020-02-27,"Calabria",0,0,0,0,0,14
2020-02-27,"Campania",2,0,1,0,0,10
2020-02-27,"Emilia Romagna",36,6,54,0,1,1033
2020-02-27,"Friuli V.G.",0,0,0,0,0,141
2020-02-27,"Lazio",0,0,0,3,0,552
2020-02-27,"Liguria",9,0,10,0,0,78
2020-02-27,"Lombardia",172,41,136,40,14,3320
2020-02-27,"Marche",2,1,0,0,0,46
2020-02-27,"Molise",0,0,0,0,0,0
2020-02-27,"Piemonte",2,0,0,0,0,156
2020-02-27,"Puglia",1,0,0,0,0,0
2020-02-27,"Sardegna",0,0,0,0,0,1
2020-02-27,"Sicilia",1,0,1,2,0,5
2020-02-27,"Toscana",2,0,0,0,0,410
2020-02-27,"Trento",0,0,0,0,0,32
2020-02-27,"Umbria",0,0,0,0,0,8
2020-02-27,"Valle d'Aosta",0,0,0,0,0,9
2020-02-27,"Veneto",19,8,82,0,2,6164
2020-02-28,"Abruzzo",1,0,0,0,0,33
2020-02-28,"Basilicata",0,0,0,0,0,0
2020-02-28,"Bolzano",1,0,0,0,0,2
2020-02-28,"Calabria",0,0,1,0,0,21
2020-02-28,"Campania",2,0,2,0,0,213
2020-02-28,"Emilia Romagna",56,6,81,0,2,1277
2020-02-28,"Friuli V.G.",0,0,0,0,0,169
2020-02-28,"Lazio",0,0,0,3,0,611
2020-02-28,"Liguria",9,0,10,0,0,112
2020-02-28,"Lombardia",235,47,192,40,17,4835
2020-02-28,"Marche",3,2,1,0,0,47
2020-02-28,"Molise",0,0,0,0,0,0
2020-02-28,"Piemonte",7,0,4,0,0,227
2020-02-28,"Puglia",1,0,2,0,0,242
2020-02-28,"Sardegna",0,0,0,0,0,1
2020-02-28,"Sicilia",1,0,1,2,0,5
2020-02-28,"Toscana",5,0,2,1,0,437
2020-02-28,"Trento",0,0,0,0,0,32
2020-02-28,"Umbria",0,0,0,0,0,8
2020-02-28,"Valle d'Aosta",0,0,0,0,0,9
2020-02-28,"Veneto",24,9,116,0,2,7414
2020-02-29,"Abruzzo",2,0,0,0,0,43
2020-02-29,"Basilicata",0,0,0,0,0,32
2020-02-29,"Bolzano",1,0,0,0,0,16
2020-02-29,"Calabria",0,0,1,0,0,27
2020-02-29,"Campania",3,0,10,0,0,373
2020-02-29,"Emilia Romagna",86,11,116,0,4,1550
2020-02-29,"Friuli V.G.",0,0,0,0,0,189
2020-02-29,"Lazio",3,0,0,3,0,679
2020-02-29,"Liguria",4,1,33,4,0,121
2020-02-29,"Lombardia",256,80,216,40,23,5723
2020-02-29,"Marche",6,2,3,0,0,68
2020-02-29,"Molise",0,0,0,0,0,0
2020-02-29,"Piemonte",7,0,4,0,0,308
2020-02-29,"Puglia",1,0,2,0,0,252
2020-02-29,"Sardegna",0,0,0,0,0,1
2020-02-29,"Sicilia",1,0,1,2,0,6
2020-02-29,"Toscana",7,0,3,1,0,531
2020-02-29,"Trento",0,0,0,0,0,43
2020-02-29,"Umbria",0,0,0,0,0,31
2020-02-29,"Valle d'Aosta",0,0,0,0,0,9
2020-02-29,"Veneto",24,11,154,0,2,8659
2020-03-01,"Abruzzo",3,0,2,0,0,52
2020-03-01,"Basilicata",0,0,0,0,0,39
2020-03-01,"Bolzano",1,0,0,0,0,20
2020-03-01,"Calabria",0,0,1,0,0,35
2020-03-01,"Campania",4,0,13,0,0,373
2020-03-01,"Emilia Romagna",127,13,137,0,8,1795
2020-03-01,"Friuli V.G.",0,0,6,0,0,243
2020-03-01,"Lazio",3,0,0,3,0,724
2020-03-01,"Liguria",12,1,8,4,0,121
2020-03-01,"Lombardia",406,106,375,73,24,6879
2020-03-01,"Marche",12,5,8,0,0,101
2020-03-01,"Molise",0,0,0,0,0,6
2020-03-01,"Piemonte",11,2,36,0,0,362
2020-03-01,"Puglia",1,0,2,0,0,262
2020-03-01,"Sardegna",0,0,0,0,0,29
2020-03-01,"Sicilia",1,0,6,2,0,291
2020-03-01,"Toscana",7,0,5,1,0,572
2020-03-01,"Trento",0,0,0,0,0,122
2020-03-01,"Umbria",0,0,2,0,0,35
2020-03-01,"Valle d'Aosta",0,0,0,0,0,10
2020-03-01,"Veneto",51,13,197,0,2,9056
2020-03-02,"Abruzzo",3,0,2,0,0,52
2020-03-02,"Basilicata",0,0,0,0,0,39
2020-03-02,"Bolzano",1,0,0,0,0,20
2020-03-02,"Calabria",0,0,1,0,0,39
2020-03-02,"Campania",4,0,13,0,0,373
2020-03-02,"Emilia Romagna",148,16,160,0,11,1973
2020-03-02,"Friuli V.G.",0,0,9,0,0,269
2020-03-02,"Lazio",3,0,1,3,0,773
2020-03-02,"Liguria",12,1,5,4,0,121
2020-03-02,"Lombardia",478,127,472,139,38,7925
2020-03-02,"Marche",17,6,11,0,1,137
2020-03-02,"Molise",0,0,0,0,0,13
2020-03-02,"Piemonte",12,2,37,0,0,434
2020-03-02,"Puglia",2,0,2,0,0,278
2020-03-02,"Sardegna",0,0,0,0,0,29
2020-03-02,"Sicilia",2,0,3,2,0,307
2020-03-02,"Toscana",7,0,5,1,0,613
2020-03-02,"Trento",0,0,0,0,0,122
2020-03-02,"Umbria",0,0,2,0,0,35
2020-03-02,"Valle d'Aosta",0,0,0,0,0,11
2020-03-02,"Veneto",53,14,204,0,2,9782
2020-03-03,"Abruzzo",5,0,1,0,0,52
2020-03-03,"Basilicata",0,0,1,0,0,42
2020-03-03,"Bolzano",1,0,0,0,0,20
2020-03-03,"Calabria",0,0,1,0,0,39
2020-03-03,"Campania",11,0,19,0,0,405
2020-03-03,"Emilia Romagna",187,24,187,4,18,2012
2020-03-03,"Friuli V.G.",1,0,12,0,0,354
2020-03-03,"Lazio",10,0,1,3,0,877
2020-03-03,"Liguria",12,2,5,4,1,121
2020-03-03,"Lombardia",698,167,461,139,55,9577
2020-03-03,"Marche",27,13,19,0,2,200
2020-03-03,"Molise",3,0,0,0,0,13
2020-03-03,"Piemonte",13,3,40,0,0,458
2020-03-03,"Puglia",2,0,4,0,0,298
2020-03-03,"Sardegna",1,0,0,0,0,29
2020-03-03,"Sicilia",2,0,3,2,0,307
2020-03-03,"Toscana",10,0,8,1,0,697
2020-03-03,"Trento",1,0,3,0,0,122
2020-03-03,"Umbria",1,1,6,0,0,45
2020-03-03,"Valle d'Aosta",0,0,0,0,0,12
2020-03-03,"Veneto",49,19,229,7,3,10176
2020-03-04,"Abruzzo",7,0,0,0,0,85
2020-03-04,"Basilicata",0,0,1,0,0,48
2020-03-04,"Bolzano",1,0,0,0,0,20
2020-03-04,"Calabria",0,0,1,0,0,46
2020-03-04,"Campania",11,0,20,0,0,429
2020-03-04,"Emilia Romagna",256,26,234,6,22,2500
2020-03-04,"Friuli V.G.",3,0,15,0,0,376
2020-03-04,"Lazio",15,3,9,3,0,995
2020-03-04,"Liguria",10,3,8,4,1,133
2020-03-04,"Lombardia",877,209,411,250,73,12138
2020-03-04,"Marche",34,15,31,0,4,288
2020-03-04,"Molise",3,0,0,0,0,19
2020-03-04,"Piemonte",26,13,43,0,0,543
2020-03-04,"Puglia",4,0,3,1,1,322
2020-03-04,"Sardegna",1,0,1,0,0,42
2020-03-04,"Sicilia",5,0,11,2,0,367
2020-03-04,"Toscana",15,2,20,1,0,776
2020-03-04,"Trento",1,0,4,0,0,122
2020-03-04,"Umbria",1,1,7,0,0,58
2020-03-04,"Valle d'Aosta",0,0,0,0,0,15
2020-03-04,"Veneto",76,23,246,9,6,10515
2020-03-05,"Abruzzo",8,0,0,0,0,96
2020-03-05,"Basilicata",0,0,1,0,0,54
2020-03-05,"Bolzano",1,0,0,0,0,20
2020-03-05,"Calabria",1,0,1,0,0,53
2020-03-05,"Campania",12,0,33,0,0,471
2020-03-05,"Emilia Romagna",327,32,299,10,30,2884
2020-03-05,"Friuli V.G.",4,0,17,0,0,397
2020-03-05,"Lazio",20,7,14,3,0,1175
2020-03-05,"Liguria",11,3,7,4,3,146
2020-03-05,"Lombardia",1169,244,364,376,98,12354
2020-03-05,"Marche",57,19,44,0,4,413
2020-03-05,"Molise",4,0,3,0,0,24
2020-03-05,"Piemonte",43,17,46,0,2,543
2020-03-05,"Puglia",5,1,6,1,1,359
2020-03-05,"Sardegna",2,0,0,0,0,50
2020-03-05,"Sicilia",5,0,11,2,0,367
2020-03-05,"Toscana",26,3,31,1,0,776
2020-03-05,"Trento",2,0,5,0,0,122
2020-03-05,"Umbria",1,1,7,0,0,88
2020-03-05,"Valle d'Aosta",0,0,2,0,0,21
2020-03-05,"Veneto",92,24,264,17,10,11949
2020-03-06,"Abruzzo",9,0,0,0,0,96
2020-03-06,"Basilicata",1,0,2,0,0,63
2020-03-06,"Bolzano",4,0,0,0,0,36
2020-03-06,"Calabria",2,0,2,0,0,99
2020-03-06,"Campania",12,0,45,0,0,471
2020-03-06,"Emilia Romagna",397,53,366,17,37,3136
2020-03-06,"Friuli V.G.",4,0,24,3,0,577
2020-03-06,"Lazio",26,8,16,3,1,1373
2020-03-06,"Liguria",12,5,7,5,3,229
2020-03-06,"Lombardia",1622,309,77,469,135,13556
2020-03-06,"Marche",73,20,62,0,4,585
2020-03-06,"Molise",3,2,7,0,0,104
2020-03-06,"Piemonte",57,30,52,0,4,793
2020-03-06,"Puglia",5,1,9,1,1,395
2020-03-06,"Sardegna",2,0,3,0,0,99
2020-03-06,"Sicilia",7,0,15,2,0,367
2020-03-06,"Toscana",35,5,38,1,0,1097
2020-03-06,"Trento",4,0,6,0,0,122
2020-03-06,"Umbria",2,2,12,0,0,110
2020-03-06,"Valle d'Aosta",0,0,7,0,0,28
2020-03-06,"Veneto",117,27,310,22,12,13023
2020-03-07,"Abruzzo",11,0,0,0,0,123
2020-03-07,"Basilicata",1,0,2,0,0,75
2020-03-07,"Bolzano",8,0,1,0,0,36
2020-03-07,"Calabria",2,0,2,0,0,113
2020-03-07,"Campania",16,0,45,0,0,612
2020-03-07,"Emilia Romagna",464,64,409,25,48,3604
2020-03-07,"Friuli V.G.",7,1,31,3,0,577
2020-03-07,"Lazio",43,8,21,3,1,1582
2020-03-07,"Liguria",26,6,10,5,4,331
2020-03-07,"Lombardia",1661,359,722,524,154,15778
2020-03-07,"Marche",94,36,71,0,6,816
2020-03-07,"Molise",3,2,9,0,0,112
2020-03-07,"Piemonte",110,38,54,0,5,1046
2020-03-07,"Puglia",9,2,12,1,2,395
2020-03-07,"Sardegna",2,0,3,0,0,99
2020-03-07,"Sicilia",8,0,25,2,0,643
2020-03-07,"Toscana",54,7,51,1,0,1331
2020-03-07,"Trento",6,1,7,0,0,194
2020-03-07,"Umbria",2,2,20,0,0,134
2020-03-07,"Valle d'Aosta",1,0,7,0,0,32
2020-03-07,"Veneto",123,41,341,25,13,14429
2020-03-08,"Abruzzo",14,0,3,0,0,163
2020-03-08,"Basilicata",2,0,2,0,0,123
2020-03-08,"Bolzano",8,0,1,0,0,36
2020-03-08,"Calabria",5,0,4,0,0,113
2020-03-08,"Campania",30,7,63,1,0,980
2020-03-08,"Emilia Romagna",542,75,480,27,56,4344
2020-03-08,"Friuli V.G.",7,1,45,3,1,997
2020-03-08,"Lazio",47,8,26,3,3,1929
2020-03-08,"Liguria",39,11,17,5,6,401
2020-03-08,"Lombardia",2217,399,756,550,267,18534
2020-03-08,"Marche",110,41,114,0,7,1025
2020-03-08,"Molise",4,2,8,0,0,116
2020-03-08,"Piemonte",245,45,65,0,5,1636
2020-03-08,"Puglia",17,3,16,1,3,627
2020-03-08,"Sardegna",5,0,6,0,0,149
2020-03-08,"Sicilia",18,0,33,2,0,791
2020-03-08,"Toscana",91,7,67,1,0,1618
2020-03-08,"Trento",7,2,14,0,0,228
2020-03-08,"Umbria",2,2,22,0,0,168
2020-03-08,"Valle d'Aosta",1,0,8,0,0,41
2020-03-08,"Veneto",146,47,430,29,18,15918
2020-03-09,"Abruzzo",25,0,5,0,0,237
2020-03-09,"Basilicata",2,0,3,0,0,135
2020-03-09,"Bolzano",8,0,1,0,0,36
2020-03-09,"Calabria",8,0,1,2,0,173
2020-03-09,"Campania",42,8,69,1,0,980
2020-03-09,"Emilia Romagna",576,90,620,30,70,4906
2020-03-09,"Friuli V.G.",18,1,70,3,1,1344
2020-03-09,"Lazio",55,8,31,3,5,1929
2020-03-09,"Liguria",60,17,20,5,7,611
2020-03-09,"Lombardia",2802,440,1248,646,333,20135
2020-03-09,"Marche",136,47,130,0,10,1250
2020-03-09,"Molise",4,2,8,0,0,212
2020-03-09,"Piemonte",222,50,65,0,13,1681
2020-03-09,"Puglia",20,6,20,1,3,685
2020-03-09,"Sardegna",8,0,11,0,0,185
2020-03-09,"Sicilia",19,0,33,2,0,836
2020-03-09,"Toscana",107,9,90,1,1,2018
2020-03-09,"Trento",10,2,21,0,0,267
2020-03-09,"Umbria",4,2,22,0,0,183
2020-03-09,"Valle d'Aosta",4,0,11,0,0,67
2020-03-09,"Veneto",186,51,457,30,20,15956
2020-03-10,"Abruzzo",17,9,11,0,1,310
2020-03-10,"Basilicata",2,0,5,0,0,148
2020-03-10,"Bolzano",17,1,20,0,0,36
2020-03-10,"Calabria",8,2,1,2,0,360
2020-03-10,"Campania",33,8,85,1,0,1141
2020-03-10,"Emilia Romagna",669,98,650,31,85,5494
2020-03-10,"Friuli V.G.",27,6,77,3,3,1602
2020-03-10,"Lazio",50,15,34,11,6,3591
2020-03-10,"Liguria",57,29,42,5,8,694
2020-03-10,"Lombardia",3319,466,642,896,468,21479
2020-03-10,"Marche",152,54,175,0,13,1437
2020-03-10,"Molise",3,3,9,0,0,225
2020-03-10,"Piemonte",306,66,64,0,17,2374
2020-03-10,"Puglia",28,6,21,1,3,747
2020-03-10,"Sardegna",9,0,11,0,0,204
2020-03-10,"Sicilia",17,2,41,2,0,955
2020-03-10,"Toscana",91,40,129,3,1,2573
2020-03-10,"Trento",19,3,28,2,0,399
2020-03-10,"Umbria",8,2,27,0,0,260
2020-03-10,"Valle d'Aosta",2,0,15,0,0,89
2020-03-10,"Veneto",204,67,512,47,26,16643
2020-03-11,"Abruzzo",17,9,11,0,1,310
2020-03-11,"Basilicata",1,1,6,0,0,155
2020-03-11,"Bolzano",8,4,63,0,0,75
2020-03-11,"Calabria",10,2,5,2,0,405
2020-03-11,"Campania",56,11,82,4,1,1375
2020-03-11,"Emilia Romagna",745,104,739,38,113,6640
2020-03-11,"Friuli V.G.",16,5,89,10,6,2073
2020-03-11,"Lazio",67,18,40,19,6,3591
2020-03-11,"Liguria",74,34,73,5,8,1025
2020-03-11,"Lombardia",3852,560,1351,900,617,25629
2020-03-11,"Marche",212,66,183,0,18,1656
2020-03-11,"Molise",4,3,9,0,0,233
2020-03-11,"Piemonte",319,75,86,0,21,2431
2020-03-11,"Puglia",38,4,29,1,5,909
2020-03-11,"Sardegna",10,0,27,0,0,283
2020-03-11,"Sicilia",23,1,57,2,0,1194
2020-03-11,"Toscana",87,54,173,5,1,2804
2020-03-11,"Trento",28,4,42,3,0,527
2020-03-11,"Umbria",7,5,32,2,0,340
2020-03-11,"Valle d'Aosta",2,0,17,0,1,99
2020-03-11,"Veneto",262,68,610,54,29,21400
2020-03-12,"Abruzzo",47,12,19,4,2,867
2020-03-12,"Basilicata",1,1,6,0,0,155
2020-03-12,"Bolzano",21,4,78,0,1,607
2020-03-12,"Calabria",14,2,16,1,0,483
2020-03-12,"Campania",56,11,107,4,1,1551
2020-03-12,"Emilia Romagna",814,112,832,43,146,7600
2020-03-12,"Friuli V.G.",23,10,115,11,8,2604
2020-03-12,"Lazio",85,20,67,19,9,5592
2020-03-12,"Liguria",100,36,107,20,11,1174
2020-03-12,"Lombardia",4247,605,2044,1085,744,29534
2020-03-12,"Marche",254,76,240,0,22,1907
2020-03-12,"Molise",4,3,9,0,0,238
2020-03-12,"Piemonte",368,97,89,0,26,2879
2020-03-12,"Puglia",58,2,38,1,5,1269
2020-03-12,"Sardegna",12,0,27,0,0,302
2020-03-12,"Sicilia",28,5,78,2,2,1477
2020-03-12,"Toscana",100,59,193,7,5,3165
2020-03-12,"Trento",43,5,54,4,1,593
2020-03-12,"Umbria",8,8,46,2,0,458
2020-03-12,"Valle d'Aosta",7,0,19,0,1,118
2020-03-12,"Veneto",360,85,852,55,32,23438
2020-03-13,"Abruzzo",42,14,27,4,2,958
2020-03-13,"Basilicata",1,1,8,0,0,155
2020-03-13,"Bolzano",20,5,98,0,2,811
2020-03-13,"Calabria",18,3,16,1,0,504
2020-03-13,"Campania",60,19,134,5,2,1671
2020-03-13,"Emilia Romagna",942,128,941,51,201,8787
2020-03-13,"Friuli V.G.",59,8,169,11,10,3149
2020-03-13,"Lazio",122,24,96,24,11,6491
2020-03-13,"Liguria",128,44,132,24,17,1442
2020-03-13,"Lombardia",4435,650,2647,1198,890,32700
2020-03-13,"Marche",337,85,276,0,27,2218
2020-03-13,"Molise",5,3,9,0,0,243
2020-03-13,"Piemonte",556,135,103,0,46,3105
2020-03-13,"Puglia",77,2,42,3,5,1449
2020-03-13,"Sardegna",12,0,31,0,0,504
2020-03-13,"Sicilia",37,7,82,2,2,1950
2020-03-13,"Toscana",134,77,244,10,5,4049
2020-03-13,"Trento",58,6,93,4,2,846
2020-03-13,"Umbria",11,10,52,2,1,576
2020-03-13,"Valle d'Aosta",6,0,21,0,1,189
2020-03-13,"Veneto",366,107,980,100,42,25691
2020-03-14,"Abruzzo",51,14,41,4,2,1232
2020-03-14,"Basilicata",0,2,8,0,0,155
2020-03-14,"Bolzano",26,7,137,0,3,1135
2020-03-14,"Calabria",22,4,33,1,0,711
2020-03-14,"Campania",72,17,154,23,6,1936
2020-03-14,"Emilia Romagna",1076,152,1121,54,241,10043
2020-03-14,"Friuli V.G.",67,11,193,17,13,3376
2020-03-14,"Lazio",181,25,114,24,13,7335
2020-03-14,"Liguria",213,62,109,52,27,1750
2020-03-14,"Lombardia",4898,732,3429,1660,966,37138
2020-03-14,"Marche",449,93,321,0,36,2561
2020-03-14,"Molise",5,3,9,0,0,247
2020-03-14,"Piemonte",538,150,126,0,59,3680
2020-03-14,"Puglia",91,6,59,2,8,1681
2020-03-14,"Sardegna",14,0,33,0,0,530
2020-03-14,"Sicilia",42,11,97,4,2,2100
2020-03-14,"Toscana",160,87,367,10,6,4595
2020-03-14,"Trento",68,12,119,5,2,1006
2020-03-14,"Umbria",21,11,71,3,1,748
2020-03-14,"Valle d'Aosta",12,0,29,0,1,231
2020-03-14,"Veneto",366,119,1290,107,55,26980
2020-03-15,"Abruzzo",72,28,28,6,3,1419
2020-03-15,"Basilicata",0,2,9,0,0,208
2020-03-15,"Bolzano",50,4,145,0,5,1497
2020-03-15,"Calabria",32,6,28,1,1,884
2020-03-15,"Campania",73,22,201,28,9,2213
2020-03-15,"Emilia Romagna",1215,169,1357,68,284,12054
2020-03-15,"Friuli V.G.",98,12,206,17,14,3407
2020-03-15,"Lazio",223,31,142,24,16,8345
2020-03-15,"Liguria",253,66,174,33,33,1973
2020-03-15,"Lombardia",5500,767,3776,2011,1218,40369
2020-03-15,"Marche",521,98,468,0,46,2946
2020-03-15,"Molise",3,4,10,0,0,248
2020-03-15,"Piemonte",726,171,133,0,81,4375
2020-03-15,"Puglia",116,6,90,2,16,2017
2020-03-15,"Sardegna",16,0,59,0,2,613
2020-03-15,"Sicilia",56,15,108,7,2,2452
2020-03-15,"Toscana",175,107,481,10,8,5132
2020-03-15,"Trento",73,19,275,5,6,1006
2020-03-15,"Umbria",25,13,101,3,1,965
2020-03-15,"Valle d'Aosta",10,3,43,0,1,230
2020-03-15,"Veneto",426,129,1434,120,63,32546
2020-03-16,"Abruzzo",71,37,57,7,4,1533
2020-03-16,"Basilicata",1,2,9,0,0,230
2020-03-16,"Bolzano",53,11,171,0,6,1740
2020-03-16,"Calabria",36,7,44,1,1,1030
2020-03-16,"Campania",103,22,238,28,9,2517
2020-03-16,"Emilia Romagna",1362,197,1529,88,346,13096
2020-03-16,"Friuli V.G.",96,19,231,18,22,4851
2020-03-16,"Lazio",267,31,174,32,19,9330
2020-03-16,"Liguria",255,73,247,42,50,2189
2020-03-16,"Lombardia",6171,823,3867,2368,1420,43565
2020-03-16,"Marche",528,110,547,0,57,3225
2020-03-16,"Molise",3,5,7,5,1,253
2020-03-16,"Piemonte",1045,186,174,0,111,5588
2020-03-16,"Puglia",116,6,90,2,16,2017
2020-03-16,"Sardegna",39,0,66,0,2,797
2020-03-16,"Sicilia",75,20,108,8,2,2653
2020-03-16,"Toscana",175,107,559,11,14,5910
2020-03-16,"Trento",73,19,275,5,6,1006
2020-03-16,"Umbria",30,15,114,4,1,1093
2020-03-16,"Valle d'Aosta",28,5,70,0,2,287
2020-03-16,"Veneto",498,156,1620,130,69,35052
2020-03-17,"Abruzzo",94,32,90,7,6,1688
2020-03-17,"Basilicata",5,2,13,0,0,262
2020-03-17,"Bolzano",71,11,200,1,8,2149
2020-03-17,"Calabria",45,10,57,1,1,1293
2020-03-17,"Campania",127,24,272,28,9,2685
2020-03-17,"Emilia Romagna",1566,223,1615,134,393,14510
2020-03-17,"Friuli V.G.",104,21,222,17,30,4958
2020-03-17,"Lazio",314,44,192,34,23,9436
2020-03-17,"Liguria",299,85,277,57,60,2509
2020-03-17,"Lombardia",6953,879,4263,2485,1640,46449
2020-03-17,"Marche",599,109,594,0,69,3225
2020-03-17,"Molise",7,5,7,5,1,301
2020-03-17,"Piemonte",1378,206,180,0,133,6543
2020-03-17,"Puglia",155,14,151,2,18,3077
2020-03-17,"Sardegna",36,4,75,0,2,1003
2020-03-17,"Sicilia",86,28,112,8,3,2916
2020-03-17,"Toscana",329,143,552,12,17,6727
2020-03-17,"Trento",107,22,239,10,7,1727
2020-03-17,"Umbria",36,21,135,4,1,1323
2020-03-17,"Valle d'Aosta",35,6,93,0,2,398
2020-03-17,"Veneto",548,171,1769,136,80,35478
2020-03-18,"Abruzzo",99,41,109,7,7,2054
2020-03-18,"Basilicata",9,2,16,0,0,262
2020-03-18,"Bolzano",79,18,269,1,9,2844
2020-03-18,"Calabria",45,11,70,2,1,1668
2020-03-18,"Campania",127,24,272,28,9,2685
2020-03-18,"Emilia Romagna",1784,247,1884,152,458,15461
2020-03-18,"Friuli V.G.",128,27,261,15,31,4958
2020-03-18,"Lazio",374,44,232,42,32,11145
2020-03-18,"Liguria",401,100,243,70,73,2912
2020-03-18,"Lombardia",7285,924,4057,3488,1959,48983
2020-03-18,"Marche",638,119,719,0,92,4109
2020-03-18,"Molise",7,6,8,6,1,361
2020-03-18,"Piemonte",1780,227,180,0,154,7516
2020-03-18,"Puglia",156,30,176,2,19,3433
2020-03-18,"Sardegna",42,7,83,0,2,1135
2020-03-18,"Sicilia",100,29,138,12,3,3294
2020-03-18,"Toscana",427,160,704,17,22,7606
2020-03-18,"Trento",141,22,273,12,7,2187
2020-03-18,"Umbria",54,21,166,4,2,1601
2020-03-18,"Valle d'Aosta",41,3,118,0,3,486
2020-03-18,"Veneto",646,195,2112,167,94,40841
2020-03-19,"Abruzzo",181,47,138,8,11,2409
2020-03-19,"Basilicata",8,5,24,0,0,353
2020-03-19,"Bolzano",87,18,316,1,14,3568
2020-03-19,"Calabria",60,13,91,2,3,2342
2020-03-19,"Campania",213,36,356,30,17,3544
2020-03-19,"Emilia Romagna",1900,260,2346,177,531,18344
2020-03-19,"Friuli V.G.",134,29,359,41,36,4052
2020-03-19,"Lazio",426,45,270,44,38,11145
2020-03-19,"Liguria",491,112,280,85,91,3348
2020-03-19,"Lombardia",7387,1006,5545,3778,2168,52244
2020-03-19,"Marche",656,141,825,0,115,4512
2020-03-19,"Molise",19,6,13,6,2,426
2020-03-19,"Piemonte",2279,257,218,3,175,8853
2020-03-19,"Puglia",173,31,245,4,25,4046
2020-03-19,"Sardegna",43,9,152,0,2,1334
2020-03-19,"Sicilia",143,36,142,15,4,3961
2020-03-19,"Toscana",501,178,743,22,38,8873
2020-03-19,"Trento",169,30,292,20,12,2203
2020-03-19,"Umbria",69,21,238,4,2,1954
2020-03-19,"Valle d'Aosta",47,9,153,0,6,608
2020-03-19,"Veneto",771,209,2189,200,115,44658
2020-03-20,"Abruzzo",190,48,184,10,17,2695
2020-03-20,"Basilicata",8,5,39,0,0,443
2020-03-20,"Bolzano",99,24,407,1,17,4433
2020-03-20,"Calabria",71,16,114,2,4,2690
2020-03-20,"Campania",130,41,531,30,17,3845
2020-03-20,"Emilia Romagna",2083,267,2739,239,640,20753
2020-03-20,"Friuli V.G.",143,32,380,63,38,4964
2020-03-20,"Lazio",537,47,328,53,43,13889
2020-03-20,"Liguria",573,121,307,101,119,3794
2020-03-20,"Lombardia",7735,1050,6635,4295,2549,57174
2020-03-20,"Marche",704,138,1002,0,137,5170
2020-03-20,"Molise",20,6,13,6,5,426
2020-03-20,"Piemonte",1541,280,1423,8,209,9975
2020-03-20,"Puglia",191,31,329,4,26,4789
2020-03-20,"Sardegna",56,15,217,3,2,1912
2020-03-20,"Sicilia",168,42,169,25,4,4468
2020-03-20,"Toscana",601,189,923,33,47,10405
2020-03-20,"Trento",198,34,368,29,13,2656
2020-03-20,"Umbria",75,24,285,4,7,2303
2020-03-20,"Valle d'Aosta",54,9,194,0,7,814
2020-03-20,"Veneto",843,236,2598,223,131,49288
2020-03-21,"Abruzzo",185,44,265,13,22,3035
2020-03-21,"Basilicata",12,7,47,0,0,522
2020-03-21,"Bolzano",127,30,443,1,20,5179
2020-03-21,"Calabria",73,16,136,5,5,3050
2020-03-21,"Campania",233,87,473,29,22,4448
2020-03-21,"Emilia Romagna",2267,265,3129,329,715,24620
2020-03-21,"Friuli V.G.",152,37,477,82,42,5955
2020-03-21,"Lazio",591,70,425,54,50,13889
2020-03-21,"Liguria",598,129,432,125,152,4304
2020-03-21,"Lombardia",8258,1093,8019,5050,3095,66730
2020-03-21,"Marche",742,141,1114,2,154,5740
2020-03-21,"Molise",21,6,20,7,7,449
2020-03-21,"Piemonte",1976,301,1229,8,238,10701
2020-03-21,"Puglia",209,33,400,4,29,5617
2020-03-21,"Sardegna",65,16,240,5,4,2297
2020-03-21,"Sicilia",206,48,204,26,6,4883
2020-03-21,"Toscana",664,202,1039,35,72,11909
2020-03-21,"Trento",233,39,448,34,28,2656
2020-03-21,"Umbria",92,29,326,5,10,2712
2020-03-21,"Valle d'Aosta",62,15,227,1,8,884
2020-03-21,"Veneto",942,249,3023,257,146,53642
2020-03-22,"Abruzzo",218,49,272,15,33,3375
2020-03-22,"Basilicata",13,10,58,0,0,643
2020-03-22,"Bolzano",146,32,470,7,23,5718
2020-03-22,"Calabria",77,17,166,5,8,3666
2020-03-22,"Campania",243,99,524,41,29,4943
2020-03-22,"Emilia Romagna",2429,269,3692,349,816,28022
2020-03-22,"Friuli V.G.",163,47,528,89,47,6761
2020-03-22,"Lazio",671,79,522,58,53,17845
2020-03-22,"Liguria",736,132,483,143,171,4995
2020-03-22,"Lombardia",9439,1142,7304,5865,3456,70598
2020-03-22,"Marche",816,138,1277,6,184,6391
2020-03-22,"Molise",24,7,21,7,7,532
2020-03-22,"Piemonte",2118,308,1701,10,283,12701
2020-03-22,"Puglia",252,37,459,7,31,6160
2020-03-22,"Sardegna",67,16,244,5,7,2402
2020-03-22,"Sicilia",220,55,321,26,8,5580
2020-03-22,"Toscana",706,215,1223,42,91,13264
2020-03-22,"Trento",235,46,604,34,35,3050
2020-03-22,"Umbria",97,35,368,5,16,3135
2020-03-22,"Valle d'Aosta",63,21,270,1,9,950
2020-03-22,"Veneto",1113,255,3276,309,169,57671
2020-03-23,"Abruzzo",228,52,325,20,38,3674
2020-03-23,"Basilicata",15,12,62,0,1,696
2020-03-23,"Bolzano",145,33,510,7,29,6084
2020-03-23,"Calabria",82,20,178,5,7,4073
2020-03-23,"Campania",266,110,553,48,49,5813
2020-03-23,"Emilia Romagna",2846,276,4098,423,892,31200
2020-03-23,"Friuli V.G.",185,41,545,105,54,7424
2020-03-23,"Lazio",718,96,600,63,63,18371
2020-03-23,"Liguria",761,133,659,159,212,5538
2020-03-23,"Lombardia",9266,1183,8461,6075,3776,73242
2020-03-23,"Marche",882,148,1328,8,203,6782
2020-03-23,"Molise",25,7,18,10,7,532
2020-03-23,"Piemonte",2194,343,1992,17,315,13560
2020-03-23,"Puglia",285,45,532,7,37,6761
2020-03-23,"Sardegna",76,18,249,5,11,2568
2020-03-23,"Sicilia",250,60,371,27,13,6375
2020-03-23,"Toscana",838,238,1225,51,109,13851
2020-03-23,"Trento",249,46,619,68,41,3150
2020-03-23,"Umbria",106,42,408,5,16,3561
2020-03-23,"Valle d'Aosta",69,20,290,2,12,1098
2020-03-23,"Veneto",1206,281,3499,327,192,61115
2020-03-24,"Abruzzo",234,57,331,21,46,4294
2020-03-24,"Basilicata",14,12,65,0,1,744
2020-03-24,"Bolzano",166,38,495,44,38,6509
2020-03-24,"Calabria",88,21,195,5,10,4486
2020-03-24,"Campania",345,181,466,53,56,6297
2020-03-24,"Emilia Romagna",2974,291,4446,558,985,33527
2020-03-24,"Friuli V.G.",195,49,604,80,64,8526
2020-03-24,"Lazio",747,94,704,103,80,18371
2020-03-24,"Liguria",803,147,742,193,231,5992
2020-03-24,"Lombardia",9711,1194,8963,6657,4178,76695
2020-03-24,"Marche",862,149,1486,8,231,7229
2020-03-24,"Molise",27,7,21,10,8,572
2020-03-24,"Piemonte",2404,360,2360,17,374,15469
2020-03-24,"Puglia",317,57,566,21,44,7345
2020-03-24,"Sardegna",80,19,296,11,15,2859
2020-03-24,"Sicilia",250,60,489,27,20,7170
2020-03-24,"Toscana",918,244,1357,51,129,15701
2020-03-24,"Trento",308,49,618,79,56,3712
2020-03-24,"Umbria",105,43,476,5,19,4108
2020-03-24,"Valle d'Aosta",71,20,288,2,19,1180
2020-03-24,"Veneto",1318,304,3729,381,216,66178
2020-03-25,"Abruzzo",248,59,431,23,52,4982
2020-03-25,"Basilicata",20,14,78,0,1,857
2020-03-25,"Bolzano",190,40,518,67,43,6649
2020-03-25,"Calabria",93,23,217,7,11,5058
2020-03-25,"Campania",318,123,631,53,74,6972
2020-03-25,"Emilia Romagna",3180,294,4782,721,1077,38045
2020-03-25,"Friuli V.G.",200,52,659,158,70,9494
2020-03-25,"Lazio",805,101,769,131,95,20669
2020-03-25,"Liguria",927,147,752,225,254,6602
2020-03-25,"Lombardia",10026,1236,9329,7281,4474,81666
2020-03-25,"Marche",938,148,1553,8,287,7896
2020-03-25,"Molise",26,7,20,12,8,580
2020-03-25,"Piemonte",2544,381,2631,19,449,16655
2020-03-25,"Puglia",349,64,610,22,48,8223
2020-03-25,"Sardegna",82,19,311,12,18,3019
2020-03-25,"Sicilia",259,80,597,33,25,8312
2020-03-25,"Toscana",999,251,1526,54,142,17868
2020-03-25,"Trento",308,65,685,90,74,4114
2020-03-25,"Umbria",123,44,519,5,19,4707
2020-03-25,"Valle d'Aosta",70,25,280,2,24,1200
2020-03-25,"Veneto",1407,316,4022,439,258,70877
2020-03-26,"Abruzzo",280,64,516,23,63,5488
2020-03-26,"Basilicata",22,16,95,0,1,1046
2020-03-26,"Bolzano",223,43,525,67,48,7744
2020-03-26,"Calabria",101,23,248,7,14,5933
2020-03-26,"Campania",448,114,607,58,83,8346
2020-03-26,"Emilia Romagna",3354,301,5195,792,1174,42395
2020-03-26,"Friuli V.G.",212,54,688,197,72,10721
2020-03-26,"Lazio",878,113,844,155,106,22771
2020-03-26,"Liguria",998,154,875,260,280,7304
2020-03-26,"Lombardia",10681,1263,10245,7839,4861,87713
2020-03-26,"Marche",977,166,1652,9,310,8623
2020-03-26,"Molise",27,8,46,14,8,670
2020-03-26,"Piemonte",2633,408,2909,135,449,18054
2020-03-26,"Puglia",480,76,539,22,65,9191
2020-03-26,"Sardegna",92,20,350,13,19,3461
2020-03-26,"Sicilia",346,68,681,36,33,9658
2020-03-26,"Toscana",1037,259,1677,95,158,20952
2020-03-26,"Trento",300,66,728,117,86,4600
2020-03-26,"Umbria",144,46,580,12,20,5428
2020-03-26,"Valle d'Aosta",73,24,281,2,28,1203
2020-03-26,"Veneto",1447,326,4367,508,287,79759
2020-03-27,"Abruzzo",289,71,565,24,68,6109
2020-03-27,"Basilicata",22,15,110,1,3,1254
2020-03-27,"Bolzano",249,45,539,110,60,8520
2020-03-27,"Calabria",103,22,344,7,18,6901
2020-03-27,"Campania",456,113,723,64,98,9613
2020-03-27,"Emilia Romagna",3461,308,5592,960,1267,47798
2020-03-27,"Friuli V.G.",222,57,748,214,76,11841
2020-03-27,"Lazio",992,126,895,164,118,24106
2020-03-27,"Liguria",1023,157,880,305,331,7804
2020-03-27,"Lombardia",11137,1292,11466,8001,5402,95860
2020-03-27,"Marche",979,162,1709,10,336,9060
2020-03-27,"Molise",26,9,51,14,9,710
2020-03-27,"Piemonte",2852,431,3064,176,569,19705
2020-03-27,"Puglia",530,82,624,29,69,10233
2020-03-27,"Sardegna",93,19,384,13,21,3801
2020-03-27,"Sicilia",425,75,658,53,39,11079
2020-03-27,"Toscana",1053,274,1843,103,177,23746
2020-03-27,"Trento",341,66,757,125,102,4923
2020-03-27,"Umbria",149,46,629,39,21,6137
2020-03-27,"Valle d'Aosta",91,24,298,2,37,1252
2020-03-27,"Veneto",1536,338,4774,536,313,83627
2020-03-28,"Abruzzo",311,70,646,30,76,7003
2020-03-28,"Basilicata",26,19,133,1,3,1421
2020-03-28,"Bolzano",225,51,653,116,64,9168
2020-03-28,"Calabria",107,22,394,11,21,7760
2020-03-28,"Campania",463,132,812,76,109,10616
2020-03-28,"Emilia Romagna",3695,316,5953,1075,1344,52991
2020-03-28,"Friuli V.G.",223,59,838,229,87,12723
2020-03-28,"Lazio",985,133,1063,200,124,27179
2020-03-28,"Liguria",1031,167,888,378,358,8177
2020-03-28,"Lombardia",11152,1319,12038,8962,5944,102503
2020-03-28,"Marche",987,166,1846,10,364,9884
2020-03-28,"Molise",26,9,63,16,9,807
2020-03-28,"Piemonte",3094,439,3318,203,617,21511
2020-03-28,"Puglia",563,98,697,29,71,11500
2020-03-28,"Sardegna",95,22,452,29,26,4225
2020-03-28,"Sicilia",441,71,730,60,57,13096
2020-03-28,"Toscana",1093,277,2141,108,198,25613
2020-03-28,"Trento",351,72,811,151,120,5561
2020-03-28,"Umbria",159,44,695,43,28,7028
2020-03-28,"Valle d'Aosta",90,26,352,2,41,1380
2020-03-28,"Veneto",1559,344,5010,655,362,89380
2020-03-29,"Abruzzo",329,68,772,36,88,7730
2020-03-29,"Basilicata",32,18,147,1,4,1585
2020-03-29,"Bolzano",234,56,744,116,64,10137
2020-03-29,"Calabria",124,19,434,12,25,8485
2020-03-29,"Campania",476,135,945,86,117,11805
2020-03-29,"Emilia Romagna",3769,333,6433,1141,1443,52991
2020-03-29,"Friuli V.G.",236,60,845,241,98,13397
2020-03-29,"Lazio",1062,133,1167,208,136,27744
2020-03-29,"Liguria",1077,166,1036,420,377,9100
2020-03-29,"Lombardia",11613,1328,12451,9255,6360,107398
2020-03-29,"Marche",1000,168,1992,12,386,10431
2020-03-29,"Molise",25,9,66,18,9,918
2020-03-29,"Piemonte",2985,443,3840,254,684,24058
2020-03-29,"Puglia",559,99,774,31,86,12361
2020-03-29,"Sardegna",105,23,454,29,27,4598
2020-03-29,"Sicilia",451,71,808,65,65,13814
2020-03-29,"Toscana",1111,275,2400,121,215,27579
2020-03-29,"Trento",356,75,862,172,129,5950
2020-03-29,"Umbria",166,46,685,95,31,7685
2020-03-29,"Valle d'Aosta",90,26,423,2,43,1480
2020-03-29,"Veneto",1586,355,5310,715,392,94784
2020-03-30,"Abruzzo",322,69,778,74,102,7948
2020-03-30,"Basilicata",36,18,154,1,5,1833
2020-03-30,"Bolzano",231,62,805,153,74,10640
2020-03-30,"Calabria",130,18,454,14,31,9013
2020-03-30,"Campania",468,126,1145,88,125,12969
2020-03-30,"Emilia Romagna",3779,351,6636,1227,1538,50990
2020-03-30,"Friuli V.G.",229,60,820,285,107,14003
2020-03-30,"Lazio",1079,154,1264,267,150,32846
2020-03-30,"Liguria",1142,175,1066,437,397,9677
2020-03-30,"Lombardia",11815,1330,11861,10337,6818,111057
2020-03-30,"Marche",998,167,2086,16,417,10979
2020-03-30,"Molise",27,8,72,18,9,955
2020-03-30,"Piemonte",2985,452,4218,308,749,25478
2020-03-30,"Puglia",590,106,889,36,91,13117
2020-03-30,"Sardegna",113,24,485,32,28,4993
2020-03-30,"Sicilia",484,75,849,71,76,14758
2020-03-30,"Toscana",1116,279,2655,131,231,30099
2020-03-30,"Trento",353,78,926,178,147,6377
2020-03-30,"Umbria",173,47,614,184,33,8150
2020-03-30,"Valle d'Aosta",92,26,400,16,50,1536
2020-03-30,"Veneto",1633,356,5575,747,413,99941
2020-03-31,"Abruzzo",335,73,783,95,115,8758
2020-03-31,"Basilicata",37,17,162,3,7,2043
2020-03-31,"Bolzano",249,62,831,153,76,11275
2020-03-31,"Calabria",132,17,457,17,36,9327
2020-03-31,"Campania",501,133,1237,88,133,14403
2020-03-31,"Emilia Romagna",3765,353,6835,1477,1644,54532
2020-03-31,"Friuli V.G.",215,60,885,320,113,14899
2020-03-31,"Lazio",1127,173,1342,291,162,34677
2020-03-31,"Liguria",1153,179,1176,480,428,10376
2020-03-31,"Lombardia",11883,1324,11917,10885,7199,114640
2020-03-31,"Marche",946,169,2237,21,452,11724
2020-03-31,"Molise",29,8,80,18,9,1049
2020-03-31,"Piemonte",3174,452,4456,365,854,27658
2020-03-31,"Puglia",609,105,940,39,110,14073
2020-03-31,"Sardegna",113,28,516,34,31,5257
2020-03-31,"Sicilia",503,72,917,74,81,15634
2020-03-31,"Toscana",1120,293,2813,138,244,33165
2020-03-31,"Trento",354,80,955,193,164,6973
2020-03-31,"Umbria",176,43,632,190,37,8685
2020-03-31,"Valle d'Aosta",91,26,435,20,56,1582
2020-03-31,"Veneto",1680,356,5814,828,477,106238
2020-04-01,"Abruzzo",342,71,798,102,123,9610
2020-04-01,"Basilicata",39,15,171,3,9,2262
2020-04-01,"Bolzano",269,57,786,190,116,11951
2020-04-01,"Calabria",144,16,450,21,38,9983
2020-04-01,"Campania",478,129,1369,107,148,15728
2020-04-01,"Emilia Romagna",3898,359,7232,1566,1732,58457
2020-04-01,"Friuli V.G.",206,60,940,357,122,15987
2020-04-01,"Lazio",1131,177,1450,337,169,35810
2020-04-01,"Liguria",1114,179,1352,555,460,11334
2020-04-01,"Lombardia",11927,1342,12496,11415,7593,121449
2020-04-01,"Marche",984,168,2304,29,477,12296
2020-04-01,"Molise",32,8,91,19,10,1157
2020-04-01,"Piemonte",3146,453,4871,439,886,30060
2020-04-01,"Puglia",637,107,1012,61,129,15209
2020-04-01,"Sardegna",119,27,529,36,34,5501
2020-04-01,"Sicilia",496,72,976,86,88,16836
2020-04-01,"Toscana",1120,297,3015,182,253,36575
2020-04-01,"Trento",345,76,1062,214,173,7675
2020-04-01,"Umbria",173,45,646,194,37,9080
2020-04-01,"Valle d'Aosta",85,27,428,32,59,1717
2020-04-01,"Veneto",1718,350,6156,902,499,112746
2020-04-02,"Abruzzo",341,75,835,113,133,10647
2020-04-02,"Basilicata",38,19,176,3,10,2427
2020-04-02,"Bolzano",279,60,821,190,129,12677
2020-04-02,"Calabria",163,19,445,23,41,10679
2020-04-02,"Campania",503,120,1517,149,167,17404
2020-04-02,"Emilia Romagna",3944,366,7549,1663,1811,60507
2020-04-02,"Friuli V.G.",199,60,1035,376,129,17121
2020-04-02,"Lazio",1169,181,1529,369,185,41575
2020-04-02,"Liguria",1120,172,1368,634,488,12069
2020-04-02,"Lombardia",11762,1351,12763,12229,7960,128286
2020-04-02,"Marche",986,164,2405,40,503,12943
2020-04-02,"Molise",30,8,95,21,11,1229
2020-04-02,"Piemonte",3341,453,5005,571,983,32100
2020-04-02,"Puglia",645,118,1101,69,144,16554
2020-04-02,"Sardegna",117,24,577,36,40,5970
2020-04-02,"Sicilia",503,73,1030,92,93,17833
2020-04-02,"Toscana",1135,295,3359,216,268,40724
2020-04-02,"Trento",339,78,1170,229,187,8496
2020-04-02,"Umbria",171,47,667,205,38,9737
2020-04-02,"Valle d'Aosta",85,25,446,49,63,1934
2020-04-02,"Veneto",1670,345,6563,1001,532,120320
2020-04-03,"Abruzzo",361,76,864,116,146,11890
2020-04-03,"Basilicata",41,19,187,3,11,2622
2020-04-03,"Bolzano",291,60,858,211,139,13976
2020-04-03,"Calabria",183,17,462,26,45,11608
2020-04-03,"Campania",532,115,1705,144,181,19237
2020-04-03,"Emilia Romagna",3915,364,7899,1852,1902,63682
2020-04-03,"Friuli V.G.",201,61,1062,419,136,19985
2020-04-03,"Lazio",1194,188,1627,392,199,43776
2020-04-03,"Liguria",1147,173,1426,700,519,12934
2020-04-03,"Lombardia",11802,1381,13006,13020,8311,135051
2020-04-03,"Marche",982,158,2491,42,557,13678
2020-04-03,"Molise",31,8,105,21,11,1378
2020-04-03,"Piemonte",3300,452,5378,723,1043,34281
2020-04-03,"Puglia",648,123,1178,69,164,17924
2020-04-03,"Sardegna",122,24,598,40,41,6478
2020-04-03,"Sicilia",535,73,1056,94,101,18686
2020-04-03,"Toscana",1149,288,3472,300,290,44460
2020-04-03,"Trento",343,80,1236,246,204,8993
2020-04-03,"Umbria",165,48,707,220,39,10614
2020-04-03,"Valle d'Aosta",85,25,450,89,70,2106
2020-04-03,"Veneto",1714,335,6812,1031,572,126490
2020-04-04,"Abruzzo",354,71,931,119,153,12837
2020-04-04,"Basilicata",44,19,181,9,11,2765
2020-04-04,"Bolzano",291,61,849,245,146,15045
2020-04-04,"Calabria",178,15,469,30,49,12314
2020-04-04,"Campania",567,114,1815,146,186,21534
2020-04-04,"Emilia Romagna",3859,358,8306,2040,1977,67075
2020-04-04,"Friuli V.G.",183,50,1103,505,145,21126
2020-04-04,"Lazio",1236,193,1677,439,212,44624
2020-04-04,"Liguria",1121,169,1604,767,542,14087
2020-04-04,"Lombardia",12002,1326,13892,13242,8656,141877
2020-04-04,"Marche",997,153,2347,270,574,14472
2020-04-04,"Molise",31,6,134,24,11,1504
2020-04-04,"Piemonte",3441,450,5802,888,1128,37181
2020-04-04,"Puglia",627,153,1193,94,173,18977
2020-04-04,"Sardegna",123,24,642,44,41,6789
2020-04-04,"Sicilia",553,74,1099,95,111,19896
2020-04-04,"Toscana",1129,286,3639,310,307,47886
2020-04-04,"Trento",353,81,1319,257,210,9863
2020-04-04,"Umbria",167,44,716,242,41,11809
2020-04-04,"Valle d'Aosta",63,23,474,106,82,2274
2020-04-04,"Veneto",1691,324,7078,1124,607,133289
2020-04-05,"Abruzzo",347,67,1006,125,158,13598
2020-04-05,"Basilicata",46,18,190,11,13,2931
2020-04-05,"Bolzano",239,53,934,260,158,15723
2020-04-05,"Calabria",174,13,519,33,56,13077
2020-04-05,"Campania",609,108,1904,150,189,23139
2020-04-05,"Emilia Romagna",3839,375,8623,2201,2051,69986
2020-04-05,"Friuli V.G.",185,50,1128,531,154,21652
2020-04-05,"Lazio",1235,197,1754,475,219,44658
2020-04-05,"Liguria",1126,165,1802,800,556,15047
2020-04-05,"Lombardia",12009,1317,14798,13426,8905,149984
2020-04-05,"Marche",987,151,2440,287,599,15252
2020-04-05,"Molise",33,6,148,24,13,1504
2020-04-05,"Piemonte",3472,444,6261,1017,1168,38539
2020-04-05,"Puglia",574,159,1289,113,182,20080
2020-04-05,"Sardegna",126,25,664,49,43,7157
2020-04-05,"Sicilia",556,76,1142,104,116,21904
2020-04-05,"Toscana",1111,276,3798,337,325,51006
2020-04-05,"Trento",352,80,1363,273,217,10476
2020-04-05,"Umbria",159,45,694,298,43,12448
2020-04-05,"Valle d'Aosta",96,23,457,115,91,2390
2020-04-05,"Veneto",1674,329,7406,1186,631,140910
2020-04-06,"Abruzzo",340,66,1019,127,169,14198
2020-04-06,"Basilicata",46,18,198,12,13,3061
2020-04-06,"Bolzano",245,52,963,298,164,16825
2020-04-06,"Calabria",170,14,538,37,58,13633
2020-04-06,"Campania",610,101,1987,156,204,24526
2020-04-06,"Emilia Romagna",3804,372,8875,2397,2108,72163
2020-04-06,"Friuli V.G.",189,46,1161,549,158,22272
2020-04-06,"Lazio",1235,197,1868,502,229,47470
2020-04-06,"Liguria",1141,162,1814,837,595,15533
2020-04-06,"Lombardia",11914,1343,15212,13863,9202,154989
2020-04-06,"Marche",1001,140,2565,296,612,15919
2020-04-06,"Molise",34,5,148,24,13,1546
2020-04-06,"Piemonte",3484,438,6623,1128,1251,41123
2020-04-06,"Puglia",625,97,1393,134,195,22059
2020-04-06,"Sardegna",123,26,670,56,47,7521
2020-04-06,"Sicilia",563,74,1178,108,123,23464
2020-04-06,"Toscana",1116,279,3906,350,350,52849
2020-04-06,"Trento",354,79,1405,280,230,11130
2020-04-06,"Umbria",159,46,667,337,44,12573
2020-04-06,"Valle d'Aosta",109,21,437,142,96,2590
2020-04-06,"Veneto",1714,322,7686,1204,662,146288
2020-04-07,"Abruzzo",337,67,1087,136,172,14904
2020-04-07,"Basilicata",47,17,201,12,14,3160
2020-04-07,"Bolzano",325,64,912,336,174,17761
2020-04-07,"Calabria",169,14,550,40,60,14072
2020-04-07,"Campania",603,103,2059,167,216,25779
2020-04-07,"Emilia Romagna",3750,366,8932,2597,2180,75191
2020-04-07,"Friuli V.G.",185,44,1150,610,164,23536
2020-04-07,"Lazio",1229,192,1944,546,238,48874
2020-04-07,"Liguria",1090,156,1966,925,620,16579
2020-04-07,"Lombardia",11833,1305,15205,14498,9484,159331
2020-04-07,"Marche",962,139,2637,342,630,16619
2020-04-07,"Molise",35,5,145,26,13,1581
2020-04-07,"Piemonte",3553,432,6719,1320,1319,44121
2020-04-07,"Puglia",615,93,1429,168,209,23149
2020-04-07,"Sardegna",122,26,673,62,52,7680
2020-04-07,"Sicilia",562,73,1224,113,125,24857
2020-04-07,"Toscana",1087,263,4077,377,369,56651
2020-04-07,"Trento",360,78,1452,342,244,12030
2020-04-07,"Umbria",157,41,648,368,49,13274
2020-04-07,"Valle d'Aosta",118,17,458,142,100,2754
2020-04-07,"Veneto",1579,297,8089,1265,695,153542
2020-04-08,"Abruzzo",331,62,1141,146,179,15846
2020-04-08,"Basilicata",48,17,205,13,14,3296
2020-04-08,"Bolzano",268,65,948,371,183,18865
2020-04-08,"Calabria",170,15,570,44,60,14977
2020-04-08,"Campania",608,97,2154,188,221,27784
2020-04-08,"Emilia Romagna",3769,361,8980,2890,2234,78367
2020-04-08,"Friuli V.G.",162,41,1212,634,169,24798
2020-04-08,"Lazio",1241,196,2011,574,244,55113
2020-04-08,"Liguria",1109,153,1983,1007,654,17521
2020-04-08,"Lombardia",11719,1257,15569,15147,9722,167557
2020-04-08,"Marche",974,133,2455,645,652,17532
2020-04-08,"Molise",30,4,147,32,13,2002
2020-04-08,"Piemonte",3493,423,7073,1516,1378,48495
2020-04-08,"Puglia",639,90,1509,177,219,24493
2020-04-08,"Sardegna",112,31,697,76,59,8493
2020-04-08,"Sicilia",563,65,1265,133,133,27438
2020-04-08,"Toscana",1066,260,4231,430,392,60985
2020-04-08,"Trento",354,77,1509,407,255,13258
2020-04-08,"Umbria",155,41,627,416,50,14105
2020-04-08,"Valle d'Aosta",120,20,466,142,102,2953
2020-04-08,"Veneto",1554,285,8332,1503,736,163247
2020-04-09,"Abruzzo",306,57,1203,171,194,16847
2020-04-09,"Basilicata",50,17,208,13,15,3474
2020-04-09,"Bolzano",263,64,988,401,187,19875
2020-04-09,"Calabria",168,15,582,48,61,15698
2020-04-09,"Campania",604,94,2175,244,227,29664
2020-04-09,"Emilia Romagna",3722,355,9181,3103,2316,81715
2020-04-09,"Friuli V.G.",167,37,1186,738,171,26205
2020-04-09,"Lazio",1244,198,2090,644,253,58107
2020-04-09,"Liguria",1103,154,1996,1085,682,18446
2020-04-09,"Lombardia",11796,1236,16042,15706,10022,176953
2020-04-09,"Marche",945,133,2323,885,669,18194
2020-04-09,"Molise",30,4,155,32,13,2069
2020-04-09,"Piemonte",3514,412,7410,1732,1454,52807
2020-04-09,"Puglia",630,86,1585,190,225,26088
2020-04-09,"Sardegna",106,25,745,86,64,8918
2020-04-09,"Sicilia",566,63,1313,152,138,28742
2020-04-09,"Toscana",1038,256,4409,441,408,65461
2020-04-09,"Trento",345,69,1564,462,268,14338
2020-04-09,"Umbria",154,38,600,455,51,15170
2020-04-09,"Valle d'Aosta",118,18,473,154,105,3142
2020-04-09,"Veneto",1530,274,8645,1728,756,171456
2020-04-10,"Abruzzo",305,53,1277,181,198,18088
2020-04-10,"Basilicata",59,15,205,14,15,3696
2020-04-10,"Bolzano",258,58,1001,447,191,20866
2020-04-10,"Calabria",168,14,604,50,65,16637
2020-04-10,"Campania",600,90,2273,248,231,31745
2020-04-10,"Emilia Romagna",3596,349,9405,3381,2397,85884
2020-04-10,"Friuli V.G.",167,33,1198,772,179,28097
2020-04-10,"Lazio",1236,201,2196,687,263,61769
2020-04-10,"Liguria",1076,151,2074,1181,709,19514
2020-04-10,"Lombardia",11877,1202,16451,16280,10238,186325
2020-04-10,"Marche",925,127,2264,1086,682,18970
2020-04-10,"Molise",28,4,161,37,13,2069
2020-04-10,"Piemonte",3497,394,7685,1904,1532,57457
2020-04-10,"Puglia",631,80,1625,235,238,27812
2020-04-10,"Sardegna",107,26,743,118,69,9444
2020-04-10,"Sicilia",568,62,1337,187,148,31156
2020-04-10,"Toscana",1011,256,4555,451,454,72001
2020-04-10,"Trento",335,70,1589,547,275,14981
2020-04-10,"Umbria",146,39,567,498,52,16325
2020-04-10,"Valle d'Aosta",131,16,455,170,107,3328
2020-04-10,"Veneto",1521,257,8869,1981,793,180700
2020-04-11,"Abruzzo",315,54,1355,190,206,19441
2020-04-11,"Basilicata",60,12,209,14,17,4050
2020-04-11,"Bolzano",246,56,967,488,200,22186
2020-04-11,"Calabria",169,15,608,57,66,17493
2020-04-11,"Campania",582,85,2335,277,238,33781
2020-04-11,"Emilia Romagna",3530,341,9624,3659,2481,91759
2020-04-11,"Friuli V.G.",172,28,1182,826,185,29685
2020-04-11,"Lazio",1264,203,2263,720,273,65241
2020-04-11,"Liguria",1003,146,2184,1309,734,20888
2020-04-11,"Lombardia",12026,1174,17058,16823,10511,196302
2020-04-11,"Marche",960,118,2153,1291,689,20060
2020-04-11,"Molise",28,4,161,39,14,2201
2020-04-11,"Piemonte",3435,384,8351,2205,1633,62577
2020-04-11,"Puglia",627,73,1702,249,253,29463
2020-04-11,"Sardegna",113,24,751,130,73,10120
2020-04-11,"Sicilia",562,58,1381,209,154,33787
2020-04-11,"Toscana",997,237,4758,499,467,75756
2020-04-11,"Trento",335,62,1667,622,284,16646
2020-04-11,"Umbria",137,39,547,534,52,17661
2020-04-11,"Valle d'Aosta",118,17,455,205,107,3464
2020-04-11,"Veneto",1465,251,9033,2188,831,190912
2020-04-12,"Abruzzo",346,54,1342,206,212,20594
2020-04-12,"Basilicata",61,12,204,20,18,4355
2020-04-12,"Bolzano",183,45,1287,378,205,23246
2020-04-12,"Calabria",165,14,616,62,66,18211
2020-04-12,"Campania",526,82,2449,305,242,35448
2020-04-12,"Emilia Romagna",3491,335,9846,3862,2564,96704
2020-04-12,"Friuli V.G.",160,28,1138,910,195,29988
2020-04-12,"Lazio",1268,201,2348,749,279,68954
2020-04-12,"Liguria",1032,144,2157,1412,749,21983
2020-04-12,"Lombardia",11969,1176,18120,17166,10621,205832
2020-04-12,"Marche",949,114,2051,1489,700,21057
2020-04-12,"Molise",27,4,171,40,15,2471
2020-04-12,"Piemonte",3429,381,8695,2426,1729,66555
2020-04-12,"Puglia",609,71,1772,277,260,30973
2020-04-12,"Sardegna",109,26,768,137,73,10663
2020-04-12,"Sicilia",552,53,1425,223,163,36098
2020-04-12,"Toscana",983,238,4941,578,495,78640
2020-04-12,"Trento",322,61,1699,678,293,17797
2020-04-12,"Umbria",129,39,519,580,52,18672
2020-04-12,"Valle d'Aosta",109,16,463,221,112,3510
2020-04-12,"Veneto",1428,249,9052,2492,856,198442
2020-04-13,"Abruzzo",351,54,1373,211,224,20667
2020-04-13,"Basilicata",64,12,194,31,18,4545
2020-04-13,"Bolzano",190,41,1306,400,212,24157
2020-04-13,"Calabria",160,12,619,70,67,18596
2020-04-13,"Campania",606,80,2376,360,248,36770
2020-04-13,"Emilia Romagna",3490,331,9997,4007,2615,99047
2020-04-13,"Friuli V.G.",159,30,1118,973,202,30941
2020-04-13,"Lazio",1314,200,2406,764,284,72746
2020-04-13,"Liguria",1088,138,2139,1471,760,23129
2020-04-13,"Lombardia",12028,1143,18764,17478,10901,211092
2020-04-13,"Marche",959,108,2013,1588,713,28379
2020-04-13,"Molise",28,4,170,40,15,2522
2020-04-13,"Piemonte",3344,379,9042,2543,1826,69170
2020-04-13,"Puglia",600,71,1841,286,267,31922
2020-04-13,"Sardegna",107,27,780,139,75,11010
2020-04-13,"Sicilia",554,51,1445,237,171,37311
2020-04-13,"Toscana",992,225,5040,615,518,80889
2020-04-13,"Trento",326,56,1698,746,300,18586
2020-04-13,"Umbria",127,38,460,643,52,18740
2020-04-13,"Valle d'Aosta",109,15,458,230,115,3614
2020-04-13,"Veneto",1427,245,9094,2603,882,203077
2020-04-14,"Abruzzo",345,52,1403,213,232,20935
2020-04-14,"Basilicata",62,12,191,35,19,4759
2020-04-14,"Bolzano",177,39,1348,406,214,24457
2020-04-14,"Calabria",161,12,643,72,68,19014
2020-04-14,"Campania",618,82,2394,415,260,38094
2020-04-14,"Emilia Romagna",3473,328,9977,4269,2705,101896
2020-04-14,"Friuli V.G.",166,28,705,1415,206,31764
2020-04-14,"Lazio",1344,199,2479,789,300,74650
2020-04-14,"Liguria",967,133,2366,1549,793,24446
2020-04-14,"Lombardia",12077,1122,19164,17821,11142,214870
2020-04-14,"Marche",937,106,2052,1603,728,29160
2020-04-14,"Molise",26,4,170,42,15,2522
2020-04-14,"Piemonte",3395,367,9293,2708,1927,71678
2020-04-14,"Puglia",611,62,1879,288,278,33071
2020-04-14,"Sardegna",107,24,769,158,80,11893
2020-04-14,"Sicilia",552,53,1466,255,175,37877
2020-04-14,"Toscana",1002,225,5125,637,538,82269
2020-04-14,"Trento",325,54,1703,749,310,18774
2020-04-14,"Umbria",127,37,458,646,53,18956
2020-04-14,"Valle d'Aosta",112,14,433,270,118,3726
2020-04-14,"Veneto",1427,233,9076,2790,906,208878
2020-04-15,"Abruzzo",341,44,1425,224,240,22500
2020-04-15,"Basilicata",60,12,189,38,21,5037
2020-04-15,"Bolzano",166,32,1378,425,223,25370
2020-04-15,"Calabria",156,11,652,81,71,19662
2020-04-15,"Campania",607,86,2394,442,278,39534
2020-04-15,"Emilia Romagna",3388,325,9864,4664,2788,106149
2020-04-15,"Friuli V.G.",163,24,1207,938,212,33800
2020-04-15,"Lazio",1342,196,2509,874,311,75584
2020-04-15,"Liguria",959,120,2385,1665,807,25793
2020-04-15,"Lombardia",12043,1074,19804,17855,11377,221968
2020-04-15,"Marche",888,106,2103,1660,746,30329
2020-04-15,"Molise",27,4,175,42,15,2855
2020-04-15,"Piemonte",3338,366,9491,3019,2015,75664
2020-04-15,"Puglia",592,73,1908,323,288,34518
2020-04-15,"Sardegna",107,26,737,208,83,12395
2020-04-15,"Sicilia",541,49,1491,273,181,39867
2020-04-15,"Toscana",977,216,5224,693,556,86348
2020-04-15,"Trento",312,48,1744,798,318,19535
2020-04-15,"Umbria",122,37,423,686,54,20258
2020-04-15,"Valle d'Aosta",112,11,425,289,121,3894
2020-04-15,"Veneto",1402,219,9168,2895,940,216344
2020-04-16,"Abruzzo",324,42,1484,253,243,23786
2020-04-16,"Basilicata",60,9,204,41,22,5349
2020-04-16,"Bolzano",180,34,1379,449,225,26416
2020-04-16,"Calabria",157,9,681,90,72,20642
2020-04-16,"Campania",618,76,2424,483,286,41296
2020-04-16,"Emilia Romagna",3360,316,9987,4980,2843,112105
2020-04-16,"Friuli V.G.",159,26,1145,1069,217,35766
2020-04-16,"Lazio",1347,197,2600,920,316,81993
2020-04-16,"Liguria",957,103,2377,1774,828,26945
2020-04-16,"Lombardia",11356,1032,20702,18396,11608,232674
2020-04-16,"Marche",850,102,2172,1694,764,33778
2020-04-16,"Molise",25,4,174,44,16,2967
2020-04-16,"Piemonte",3418,346,10019,3231,2094,80708
2020-04-16,"Puglia",603,58,1964,334,299,36158
2020-04-16,"Sardegna",109,24,732,214,85,12796
2020-04-16,"Sicilia",525,48,1535,284,187,42405
2020-04-16,"Toscana",940,213,5460,745,585,91651
2020-04-16,"Trento",296,43,1748,885,322,20773
2020-04-16,"Umbria",116,33,387,738,55,21487
2020-04-16,"Valle d'Aosta",105,12,401,331,122,4159
2020-04-16,"Veneto",1388,209,9203,3209,981,224549
2020-04-17,"Abruzzo",319,43,1580,255,246,25436
2020-04-17,"Basilicata",59,9,198,49,22,5710
2020-04-17,"Bolzano",181,32,1369,480,234,27698
2020-04-17,"Calabria",154,7,658,99,73,21657
2020-04-17,"Campania",622,76,2329,631,293,43697
2020-04-17,"Emilia Romagna",3330,309,9946,5346,2903,116826
2020-04-17,"Friuli V.G.",148,23,1257,1027,220,40030
2020-04-17,"Lazio",1332,187,2695,978,332,84755
2020-04-17,"Liguria",897,105,2457,1863,866,28181
2020-04-17,"Lombardia",10627,971,21836,18850,11851,243513
2020-04-17,"Marche",839,94,2224,1726,785,37997
2020-04-17,"Molise",26,4,178,45,16,3082
2020-04-17,"Piemonte",3266,333,10399,3634,2171,86714
2020-04-17,"Puglia",590,62,2004,364,307,38278
2020-04-17,"Sardegna",113,23,736,220,86,13304
2020-04-17,"Sicilia",521,46,1572,296,190,45172
2020-04-17,"Toscana",898,207,5478,925,602,96231
2020-04-17,"Trento",286,44,1660,1044,342,21921
2020-04-17,"Umbria",111,31,352,786,57,22818
2020-04-17,"Valle d'Aosta",108,9,374,379,123,4366
2020-04-17,"Veneto",1359,197,9062,3730,1026,236722
2020-04-18,"Abruzzo",321,41,1609,263,253,27016
2020-04-18,"Basilicata",60,8,194,54,23,6056
2020-04-18,"Bolzano",179,28,1349,530,239,28888
2020-04-18,"Calabria",152,7,673,106,73,22794
2020-04-18,"Campania",605,76,2364,643,300,46294
2020-04-18,"Emilia Romagna",3234,296,10054,5635,2965,121220
2020-04-18,"Friuli V.G.",141,27,1235,1106,222,43293
2020-04-18,"Lazio",1376,186,2720,1046,340,89553
2020-04-18,"Liguria",901,105,2406,1992,897,29322
2020-04-18,"Lombardia",10042,947,23206,19136,12050,255331
2020-04-18,"Marche",804,88,2280,1754,795,39909
2020-04-18,"Molise",27,4,178,44,16,3082
2020-04-18,"Piemonte",3271,323,10629,3989,2252,91844
2020-04-18,"Puglia",594,60,2040,401,314,40423
2020-04-18,"Sardegna",112,23,746,231,86,14087
2020-04-18,"Sicilia",526,42,1603,305,196,47715
2020-04-18,"Toscana",883,198,5389,1149,618,99903
2020-04-18,"Trento",276,42,1667,1098,348,23147
2020-04-18,"Umbria",109,32,290,856,57,24106
2020-04-18,"Valle d'Aosta",107,10,432,400,124,4521
2020-04-18,"Veneto",1287,190,8967,4189,1059,247329
2020-04-19,"Abruzzo",317,40,1630,276,258,27791
2020-04-19,"Basilicata",59,8,180,71,24,6528
2020-04-19,"Bolzano",162,23,1381,569,245,30361
2020-04-19,"Calabria",142,6,696,116,75,23760
2020-04-19,"Campania",590,61,2371,703,304,48187
2020-04-19,"Emilia Romagna",3166,289,10097,5985,3023,124916
2020-04-19,"Friuli V.G.",140,25,1172,1183,225,44622
2020-04-19,"Lazio",1370,185,2766,1093,341,91807
2020-04-19,"Liguria",885,101,2504,2110,928,31551
2020-04-19,"Lombardia",10342,922,23233,19526,12213,264155
2020-04-19,"Marche",799,86,2297,1780,807,41474
2020-04-19,"Molise",27,4,184,47,17,3584
2020-04-19,"Piemonte",3201,305,10964,4256,2331,96569
2020-04-19,"Puglia",590,60,2136,427,316,42598
2020-04-19,"Sardegna",117,22,725,265,86,14859
2020-04-19,"Sicilia",522,41,1639,315,200,49772
2020-04-19,"Toscana",852,192,5452,1239,637,103975
2020-04-19,"Trento",278,41,1652,1201,360,24388
2020-04-19,"Umbria",108,30,298,854,58,25170
2020-04-19,"Valle d'Aosta",102,10,450,401,125,4677
2020-04-19,"Veneto",1264,184,8762,4638,1087,255797
2020-04-20,"Abruzzo",320,38,1704,287,263,27942
2020-04-20,"Basilicata",59,7,176,76,24,6868
2020-04-20,"Bolzano",160,19,1361,605,249,31381
2020-04-20,"Calabria",140,7,681,135,75,24373
2020-04-20,"Campania",586,61,2372,746,309,51090
2020-04-20,"Emilia Romagna",3144,283,10095,6266,3079,129530
2020-04-20,"Friuli V.G.",140,22,1028,1346,239,45161
2020-04-20,"Lazio",1388,185,2792,1101,349,97823
2020-04-20,"Liguria",878,102,2516,2216,957,33007
2020-04-20,"Lombardia",10138,901,23548,20008,12376,270486
2020-04-20,"Marche",792,80,2340,1792,822,42782
2020-04-20,"Molise",27,2,184,50,18,3783
2020-04-20,"Piemonte",3299,301,10957,4383,2409,99669
2020-04-20,"Puglia",584,66,2160,431,326,44189
2020-04-20,"Sardegna",115,21,718,288,86,15328
2020-04-20,"Sicilia",526,39,1645,346,203,51373
2020-04-20,"Toscana",850,182,5536,1272,667,105857
2020-04-20,"Trento",272,40,1617,1295,366,26211
2020-04-20,"Umbria",113,29,282,867,58,25562
2020-04-20,"Valle d'Aosta",102,8,438,413,127,4799
2020-04-20,"Veneto",1273,180,8608,4954,1112,260810
2020-04-21,"Abruzzo",318,35,1714,329,271,29906
2020-04-21,"Basilicata",64,7,174,81,24,7470
2020-04-21,"Bolzano",159,20,1357,623,251,31987
2020-04-21,"Calabria",133,7,679,152,76,25440
2020-04-21,"Campania",532,58,2356,872,317,53548
2020-04-21,"Emilia Romagna",3045,282,9917,6701,3147,134878
2020-04-21,"Friuli V.G.",139,21,1162,1229,241,48500
2020-04-21,"Lazio",1380,184,2838,1130,363,100031
2020-04-21,"Liguria",914,94,2455,2311,990,34186
2020-04-21,"Lombardia",9805,851,23322,21374,12579,277197
2020-04-21,"Marche",784,78,2356,1825,834,44332
2020-04-21,"Molise",27,2,184,51,18,4124
2020-04-21,"Piemonte",3116,293,11402,4659,2485,105434
2020-04-21,"Puglia",569,65,2178,459,351,45984
2020-04-21,"Sardegna",112,21,704,306,93,15886
2020-04-21,"Sicilia",514,37,1708,370,206,55093
2020-04-21,"Toscana",833,171,5618,1295,686,109925
2020-04-21,"Trento",254,38,1617,1329,376,26610
2020-04-21,"Umbria",107,22,278,886,60,26639
2020-04-21,"Valle d'Aosta",99,8,415,445,126,4911
2020-04-21,"Veneto",1230,177,8670,5173,1154,268069
2020-04-22,"Abruzzo",309,35,1764,349,276,30348
2020-04-22,"Basilicata",65,7,160,98,24,8040
2020-04-22,"Bolzano",157,19,1336,648,256,32722
2020-04-22,"Calabria",128,7,686,163,76,26560
2020-04-22,"Campania",523,53,2422,860,327,55701
2020-04-22,"Emilia Romagna",2964,282,9838,7146,3204,140874
2020-04-22,"Friuli V.G.",134,20,1154,1263,246,50869
2020-04-22,"Lazio",1384,187,2892,1142,370,104062
2020-04-22,"Liguria",860,92,2524,2420,1022,35990
2020-04-22,"Lombardia",9692,817,23733,22110,12740,290699
2020-04-22,"Marche",735,76,2419,1849,845,46492
2020-04-22,"Molise",21,2,182,60,19,4425
2020-04-22,"Piemonte",3213,273,11636,5058,2559,111513
2020-04-22,"Puglia",564,60,2250,494,362,48342
2020-04-22,"Sardegna",97,20,716,318,96,16886
2020-04-22,"Sicilia",500,35,1752,388,208,58732
2020-04-22,"Toscana",820,174,5173,1828,705,114100
2020-04-22,"Trento",245,34,1595,1391,381,26674
2020-04-22,"Umbria",97,20,254,925,61,27655
2020-04-22,"Valle d'Aosta",92,8,401,467,127,5024
2020-04-22,"Veneto",1205,163,8623,5566,1181,277543
2020-04-23,"Abruzzo",322,31,1747,405,280,31187
2020-04-23,"Basilicata",61,7,161,103,24,8511
2020-04-23,"Bolzano",141,17,1336,680,261,33994
2020-04-23,"Calabria",129,7,687,170,76,27869
2020-04-23,"Campania",539,47,2392,928,332,58324
2020-04-23,"Emilia Romagna",2889,266,9690,7609,3269,146146
2020-04-23,"Friuli V.G.",138,18,979,1467,256,52918
2020-04-23,"Lazio",1385,186,2915,1193,375,111073
2020-04-23,"Liguria",783,91,2592,2536,1047,37842
2020-04-23,"Lombardia",9192,790,23891,23352,12940,302715
2020-04-23,"Marche",727,71,2432,1865,857,47662
2020-04-23,"Molise",19,1,178,66,20,4564
2020-04-23,"Piemonte",3039,261,11852,5358,2630,117970
2020-04-23,"Puglia",536,55,2345,531,372,50410
2020-04-23,"Sardegna",90,20,707,339,98,17844
2020-04-23,"Sicilia",476,34,1791,412,213,62150
2020-04-23,"Toscana",791,168,5212,1886,723,118177
2020-04-23,"Trento",234,29,1608,1474,382,28240
2020-04-23,"Umbria",100,19,236,946,61,29011
2020-04-23,"Valle d'Aosta",91,9,363,506,127,5227
2020-04-23,"Veneto",1189,140,8596,5750,1206,288075
2020-04-24,"Abruzzo",327,28,1724,438,286,32397
2020-04-24,"Basilicata",59,7,163,107,24,9026
2020-04-24,"Bolzano",148,16,929,1100,263,35062
2020-04-24,"Calabria",123,7,691,178,80,28764
2020-04-24,"Campania",524,44,2375,1003,336,61331
2020-04-24,"Emilia Romagna",2807,264,9438,8158,3303,151505
2020-04-24,"Friuli V.G.",136,16,1168,1304,258,55502
2020-04-24,"Lazio",1396,184,2912,1256,384,114317
2020-04-24,"Liguria",760,87,2590,2660,1076,39563
2020-04-24,"Lombardia",8791,756,24821,23782,13106,314298
2020-04-24,"Marche",705,61,2507,1890,865,49163
2020-04-24,"Molise",19,1,180,67,20,4805
2020-04-24,"Piemonte",2918,257,12216,5732,2699,125300
2020-04-24,"Puglia",496,51,2386,565,383,52472
2020-04-24,"Sardegna",95,19,690,351,102,19889
2020-04-24,"Sicilia",461,32,1827,443,218,65165
2020-04-24,"Toscana",738,159,5236,2002,742,121336
2020-04-24,"Trento",224,28,1575,1560,389,29779
2020-04-24,"Umbria",94,19,209,979,62,30524
2020-04-24,"Valle d'Aosta",88,7,259,617,129,5262
2020-04-24,"Veneto",1159,130,8390,6306,1244,296896
2020-04-25,"Abruzzo",323,26,1712,478,293,33624
2020-04-25,"Basilicata",58,7,153,118,25,9792
2020-04-25,"Bolzano",141,14,880,1176,265,36608
2020-04-25,"Calabria",125,7,679,197,80,29959
2020-04-25,"Campania",543,55,2337,1023,341,64521
2020-04-25,"Emilia Romagna",2718,246,9383,8515,3347,156883
2020-04-25,"Friuli V.G.",122,15,947,1556,263,58375
2020-04-25,"Lazio",1421,183,2957,1276,387,118354
2020-04-25,"Liguria",759,83,2591,2775,1093,41125
2020-04-25,"Lombardia",8489,724,25260,24227,13269,326940
2020-04-25,"Marche",689,58,2525,1912,874,50996
2020-04-25,"Molise",19,1,178,73,21,5191
2020-04-25,"Piemonte",2937,238,12327,6157,2767,131107
2020-04-25,"Puglia",469,48,2402,602,391,54628
2020-04-25,"Sardegna",96,18,680,374,103,20351
2020-04-25,"Sicilia",452,33,1787,524,224,68251
2020-04-25,"Toscana",687,166,5293,2109,760,125495
2020-04-25,"Trento",202,27,1515,1694,400,30661
2020-04-25,"Umbria",95,18,184,1006,63,31939
2020-04-25,"Valle d'Aosta",83,6,224,657,130,5966
2020-04-25,"Veneto",1105,129,8198,6671,1288,306977
2020-04-26,"Abruzzo",324,24,1720,496,295,33820
2020-04-26,"Basilicata",57,7,155,122,25,10077
2020-04-26,"Bolzano",138,14,842,1218,269,37431
2020-04-26,"Calabria",118,8,671,212,80,30853
2020-04-26,"Campania",536,45,2343,1062,345,67218
2020-04-26,"Emilia Romagna",2695,245,9401,8723,3386,161928
2020-04-26,"Friuli V.G.",129,13,1106,1405,264,59681
2020-04-26,"Lazio",1442,161,2970,1347,389,121677
2020-04-26,"Liguria",748,82,2650,2894,1114,42607
2020-04-26,"Lombardia",8481,706,25979,24398,13325,337797
2020-04-26,"Marche",668,58,2582,1924,879,52063
2020-04-26,"Molise",20,1,179,75,21,5567
2020-04-26,"Piemonte",2866,214,12439,6478,2823,135142
2020-04-26,"Puglia",464,48,2425,612,399,55992
2020-04-26,"Sardegna",95,20,668,388,109,21101
2020-04-26,"Sicilia",445,33,1629,720,228,70104
2020-04-26,"Toscana",677,158,5234,2300,778,127394
2020-04-26,"Trento",199,24,1459,1807,405,32142
2020-04-26,"Umbria",91,17,188,1008,64,32569
2020-04-26,"Valle d'Aosta",82,7,165,721,131,6135
2020-04-26,"Veneto",1097,124,7917,7018,1315,316361
